pnl_no_hedge,hedging_error
4.391680,1.954500
4.391680,0.001670
4.391680,-0.070753
-7.263198,0.084494
4.391680,0.278765
4.391680,-0.060127
4.391680,-0.066905
3.566942,0.828536
4.391680,0.061877
-7.849145,-0.002050
1.214850,0.589273
4.391680,-0.162429
4.391680,-0.147698
4.391680,-0.715883
1.692526,-0.438973
4.391680,-0.375012
4.391680,0.034327
4.391680,0.004711
4.391680,0.342109
4.391680,-0.331045
4.391680,0.001280
3.251766,0.935214
4.391680,-0.150147
0.187922,-0.519331
4.391680,-0.245419
-36.423495,-0.114639
4.391680,0.217229
1.290642,0.783138
4.391680,-0.024833
-7.150225,-0.757322
0.045173,-0.450463
4.391680,0.674323
4.391680,0.281153
4.391680,0.218612
-16.593236,-0.625253
-8.565397,0.587450
4.391680,-0.450116
4.391680,0.070690
4.391680,-0.022786
4.391680,-0.300453
4.391680,0.687074
4.391680,-0.656750
-18.517777,-0.253258
4.391680,-0.145723
4.391680,0.220109
-4.740096,0.119042
4.391680,-0.510350
4.391680,-0.222052
4.391680,-0.114024
4.391680,-0.025455
4.391680,-0.007403
4.194376,0.699205
0.689637,-0.437497
-21.900826,-0.001515
4.391680,0.604007
4.391680,0.232211
4.391680,-0.892362
-13.157576,-1.213965
-38.305595,-0.004189
4.391680,-0.818129
4.391680,-0.108423
4.391680,-0.933806
-1.164516,0.183574
-12.241298,-0.378522
-11.122722,0.163111
4.391680,-0.155420
4.391680,0.370686
1.597802,-0.828170
4.391680,0.040718
-1.723999,-0.350565
-3.464155,-0.252128
-6.851063,0.434979
4.391680,0.695153
4.391680,0.127537
4.391680,-0.403617
4.391680,0.140598
4.391680,-0.080762
4.391680,-0.165456
4.391680,0.230534
4.391680,-0.096478
-19.746998,-0.268097
4.391680,0.360210
4.391680,1.359940
4.391680,-0.512731
-30.882851,0.605630
4.391680,0.025648
4.391680,-0.128707
4.391680,0.153767
3.095636,-0.218104
4.391680,-0.758130
2.857570,-0.305371
4.391680,0.117478
4.391680,-0.578603
4.391680,0.151005
4.391680,-0.118652
4.391680,-0.195950
-37.256482,-0.083147
4.391680,-1.210856
4.391680,-0.051224
2.243015,0.224895
4.391680,-0.020060
4.391680,0.187812
4.391680,0.424546
4.391680,0.249175
4.391680,0.105422
4.391680,0.311847
-16.715300,-0.377547
4.391680,-0.041054
4.391680,-0.244474
-15.447513,-1.002478
-31.585901,0.124456
4.391680,0.291286
4.391680,-0.302498
4.391680,-0.228526
4.391680,-0.155332
-39.677948,0.352872
4.391680,0.048638
4.391680,-0.204781
-2.013528,-0.355885
4.391680,0.483029
4.391680,-0.613776
4.391680,0.497026
4.391680,0.190602
4.391680,0.511018
4.391680,0.249654
-22.297752,0.690838
4.391680,0.573944
-4.451530,-0.818746
4.391680,0.532078
4.391680,-0.207907
-1.408450,-0.352610
4.391680,0.537865
4.391680,-0.080006
4.391680,-0.651360
-2.171187,0.537736
4.391680,0.094285
4.391680,0.106875
-32.988474,-0.334306
4.391680,-0.024674
-6.646788,-0.132741
4.391680,0.197953
4.391680,0.291582
4.391680,0.001084
4.391680,0.788789
-5.774022,0.172850
-12.479769,0.004456
-8.990262,0.228207
4.391680,-0.057462
4.391680,0.581470
4.391680,-0.232911
2.758026,1.042804
-5.179403,-0.471613
4.391680,0.173744
1.750226,0.038354
4.391680,0.001875
4.391680,0.246312
-1.415014,-0.183340
4.391680,-0.123089
4.391680,-0.874199
4.391680,0.316264
4.391680,0.663534
4.391680,-0.364076
4.192388,0.440079
-11.559932,-0.026415
4.391680,0.681047
-3.661119,-0.060714
4.391680,-0.044143
-14.570557,-0.429797
-16.417345,-0.490789
-26.100642,0.232156
-8.522365,-0.573573
0.271599,-0.287636
-3.410154,0.021615
4.391680,-0.306822
4.391680,0.185908
-34.387199,0.096881
-13.261509,0.141819
4.391680,0.251346
4.391680,-0.065264
-1.434432,-0.659890
-23.405791,0.243228
4.391680,-0.067362
4.391680,0.533487
4.391680,0.292620
4.391680,-0.151292
4.391680,0.177657
0.133114,0.027978
-2.927613,0.157897
-20.754398,-0.118938
4.391680,-0.838238
4.391680,-0.438815
1.649500,-0.948485
1.077940,-0.337854
-22.279706,-0.321310
4.391680,-0.412713
4.391680,-0.206176
-44.126190,-0.109425
-2.488419,0.064052
-22.186167,-0.267064
-40.910672,-0.076019
-15.537478,-0.376564
-6.651584,-1.331947
4.391680,-0.096380
4.391680,0.481101
2.964779,-0.204286
4.391680,-0.037557
4.391680,0.258746
4.391680,0.180380
-13.112670,0.565661
4.391680,-0.669812
4.391680,-0.231251
4.391680,-0.282429
4.391680,0.801891
4.391680,-0.122560
4.391680,0.263056
-7.676602,-0.878601
0.207171,0.466362
4.391680,-0.247799
4.391680,0.277273
-10.183494,0.203916
4.391680,0.424162
4.391680,-0.081655
4.391680,0.101867
0.938961,0.796931
4.391680,0.340677
0.019352,-0.793126
4.391680,0.245318
4.391680,0.244214
4.391680,0.759411
4.391680,0.690215
-23.246084,0.195356
0.444612,0.337454
-17.330693,0.779759
0.457827,-0.514277
-14.231231,-0.096201
4.391680,-0.718814
4.391680,0.168035
-18.289290,-0.087959
-7.236828,0.179732
4.391680,-0.402244
4.391680,-0.305189
4.391680,-0.346499
-11.694123,-1.007837
3.836216,1.207862
-6.799693,-0.111989
4.391680,0.153463
-5.119921,-0.174042
-14.447381,-0.028607
2.532209,-0.151133
4.391680,0.351184
4.391680,0.102677
4.391680,-0.197082
4.391680,0.292963
-4.314406,-0.345317
3.019015,-0.638972
-38.207558,-0.179867
4.391680,0.682087
-18.015938,-0.309043
4.391680,0.020265
4.391680,-0.392361
4.391680,0.278738
0.978323,0.320565
-4.416812,0.202998
-29.010194,-0.155596
4.391680,-0.453834
4.391680,-0.666816
4.391680,0.374092
-4.022672,-1.585911
-15.925208,-1.440756
-1.981937,-0.707706
-1.842171,-0.565450
1.275785,-0.558560
4.391680,0.828786
0.151923,-0.268516
4.391680,0.333559
-2.585949,0.232645
4.391680,-0.184903
4.391680,0.129736
4.391680,-1.919804
4.391680,-0.072009
4.391680,0.513472
4.391680,-0.184768
4.391680,0.680582
4.391680,0.143340
4.391680,-0.088728
4.391680,0.255050
4.391680,-0.020836
4.391680,0.010745
4.391680,0.253465
4.391680,-0.094784
4.391680,0.192802
-19.048750,0.006561
4.391680,-0.469298
4.391680,-0.815009
-10.514215,-0.905881
4.391680,-0.242966
4.391680,0.070269
4.391680,-0.250434
4.391680,0.139688
2.512693,-0.282087
-13.563411,-0.391070
4.391680,0.079431
-32.479712,-0.037644
-0.717745,-0.892733
4.391680,0.097449
4.391680,-0.226616
4.391680,0.333198
-11.222217,-0.120952
-12.913681,-0.113205
4.391680,-0.527324
4.391680,0.584722
4.391680,0.090432
4.391680,-0.175233
4.391680,0.042541
4.391680,0.157104
-6.472083,0.494801
4.391680,-0.826055
4.391680,0.280348
4.391680,0.161782
1.267015,0.167864
4.391680,-0.873495
4.391680,-0.272849
4.391680,-1.602044
4.391680,0.202236
-10.237048,-0.241605
1.645467,-2.553623
4.391680,0.753997
-24.516558,0.546480
4.391680,0.260116
4.391680,0.012778
-8.455556,-0.519598
-3.875384,0.518255
4.391680,0.126593
4.391680,0.151356
4.391680,-0.901407
4.391680,0.093685
4.124911,1.572126
4.391680,0.203142
-6.853115,0.354937
4.391680,0.136962
4.391680,0.031812
4.391680,0.336170
4.391680,-0.498716
-0.474886,-0.082397
-12.162027,0.297919
4.391680,0.158682
4.391680,0.371213
-8.209675,-0.585930
4.391680,0.223424
4.391680,-0.329129
4.391680,0.536170
4.391680,-0.564520
-13.043693,-0.906395
4.391680,0.236825
-13.858995,-0.302393
4.391680,-0.058508
4.391680,1.022532
1.075732,-1.016092
-24.997013,-0.083495
4.391680,-0.491501
-2.583463,1.511645
4.391680,-0.386539
-30.500932,-0.164304
-8.806885,-0.046715
4.391680,0.687362
3.728643,-0.307671
4.391680,0.298103
4.391680,-0.387403
4.391680,-0.561862
4.391680,-0.366871
4.391680,0.236880
4.391680,-0.417585
-2.454135,0.481446
4.391680,0.269618
4.391680,0.691126
-5.832151,-0.034851
4.316898,-0.449441
-4.822990,-0.495357
4.391680,0.240691
4.391680,-0.892673
4.391680,-0.100311
4.391680,-1.129856
4.391680,-0.026736
4.391680,-0.907791
4.391680,-0.024543
3.760336,-0.258126
4.391680,-0.308065
4.391680,-0.160306
1.631525,-0.555954
-9.293400,0.188918
4.391680,-0.202463
4.391680,0.077175
4.391680,0.547629
4.391680,0.294201
-14.039299,-0.387179
4.391680,0.122796
3.708750,0.741416
4.391680,-0.591535
4.391680,-0.337294
4.391680,0.583368
4.391680,-0.051734
4.391680,-0.771940
-34.377112,0.138508
4.391680,0.039261
4.391680,0.089999
4.391680,0.100498
-4.866096,0.338512
4.391680,0.087642
-3.061538,0.532995
1.760370,-0.148761
4.391680,0.077940
4.391680,-1.090287
-0.025578,-0.559391
4.391680,0.685992
4.391680,-0.484835
4.391680,-0.000732
4.391680,0.128795
-10.850961,-0.002315
4.391680,-0.084400
4.391680,-0.180355
4.391680,-0.426881
4.391680,0.259711
4.391680,0.090331
4.391680,-0.173158
4.391680,0.081318
4.391680,0.653565
-1.784058,-1.833988
4.391680,0.090725
-10.637267,-0.142081
4.391680,0.538087
0.281282,-0.392943
4.391680,-0.018673
4.391680,-0.318439
-23.149312,0.252794
-3.341790,-0.305910
-7.257095,0.679131
-20.000334,0.297943
4.391680,-0.019334
4.391680,-0.556006
4.391680,-0.531624
2.979585,1.161097
-0.605009,0.642293
4.391680,0.419079
4.391680,-1.307364
-26.308681,0.440978
-9.962482,0.671843
4.391680,0.199325
4.391680,0.177319
-14.271154,-0.609723
-4.550771,0.169652
-6.300086,0.267341
4.391680,-0.074050
3.314191,0.853832
-33.909496,-0.086651
4.391680,0.917658
4.391680,0.080907
4.391680,-0.239058
4.391680,0.826554
4.391680,-0.422731
4.391680,-0.573560
4.391680,0.510487
4.391680,-0.571877
3.976120,1.544085
4.391680,-0.113580
4.391680,-1.902125
4.391680,0.222989
4.391680,1.462255
1.720995,0.535466
4.391680,0.006595
4.391680,0.120920
-4.483045,-0.156553
2.053433,-0.415206
-10.473061,-0.291511
4.391680,-0.136666
4.391680,0.067224
4.391680,-0.303154
4.391680,-0.033897
4.391680,-0.267769
-2.342947,-0.572156
4.391680,0.621816
4.391680,0.024555
4.391680,-0.251808
4.391680,-0.081432
4.391680,-0.558953
4.391680,-0.670399
4.391680,-0.137940
4.391680,-0.038229
4.391680,0.537237
-6.504547,0.244823
4.391680,-0.262341
4.391680,1.299722
4.391680,0.098599
4.391680,-0.040326
4.391680,0.183810
4.391680,0.011016
-13.410962,-0.090888
4.391680,-0.300931
4.391680,-1.012434
4.391680,0.005402
4.391680,-0.025739
4.391680,-0.467202
4.391680,0.380464
-0.186723,1.069304
4.391680,0.931047
-33.790505,-0.034772
4.391680,0.023164
4.391680,0.325045
4.391680,0.297429
4.391680,-0.306206
0.301925,0.399003
4.391680,-0.197282
4.391680,0.528734
-6.217070,0.116946
-0.434403,-0.157378
4.391680,-2.545912
-18.117672,-0.509774
4.391680,0.057791
-7.326858,0.017317
4.391680,0.008555
-10.725554,0.182507
4.391680,0.082259
-7.071315,1.091792
4.391680,0.464454
4.391680,-0.940509
-12.482977,-0.020994
-3.955520,0.105673
3.012225,0.010480
4.391680,0.333468
-22.193106,0.040192
4.391680,-0.313131
4.391680,0.559618
4.391680,0.314258
-16.904182,-0.160089
4.391680,-0.348482
4.391680,-0.022685
4.391680,-0.122583
4.391680,0.448564
-7.876113,0.093830
4.391680,-0.054689
4.391680,0.075556
4.391680,-0.223620
3.118501,-0.366501
4.391680,0.223223
-7.824292,-0.601244
4.391680,0.099769
4.391680,0.578708
4.391680,-0.069139
4.391680,-0.062782
4.391680,-1.129896
4.391680,0.413584
4.391680,-0.225629
4.391680,-0.473398
4.391680,0.254279
3.707790,0.877864
4.391680,1.003563
-69.579398,-0.067302
4.391680,0.011531
-18.642527,0.326016
4.391680,0.210284
4.391680,0.191446
4.391680,0.187528
4.391680,0.261466
4.391680,-0.053738
4.391680,-0.015105
4.391680,-0.353600
4.391680,-0.503481
-3.502893,-0.285831
0.991149,-0.542267
4.391680,0.425597
4.391680,-0.876033
-12.968269,-0.123987
-2.977059,0.200942
4.391680,-0.685877
4.391680,0.501107
-14.397238,-0.085365
4.391680,-0.056190
4.391680,-0.272396
4.391680,-0.293958
-29.228316,-0.194937
4.391680,-0.627962
4.391680,-0.050099
4.391680,-0.380241
4.391680,-1.612515
-14.973558,-0.223363
4.391680,0.470868
4.391680,-0.333235
-6.699550,-0.708199
4.391680,-0.177558
4.391680,-0.117037
4.391680,-0.073938
4.391680,-0.047646
0.180667,-0.274755
4.391680,-0.661347
1.106866,1.165723
-5.029950,-0.612024
4.391680,0.538075
4.391680,0.210434
4.391680,0.719840
4.391680,0.488396
4.391680,-0.023572
-2.469650,-1.401799
3.602545,0.009991
4.391680,0.664907
4.391680,-0.063454
4.391680,-0.319228
4.391680,0.023672
4.391680,1.187842
-17.245145,0.030486
4.391680,0.087644
4.391680,0.193018
4.391680,0.086095
4.391680,-0.369701
4.391680,-0.145865
4.391680,0.353052
4.391680,-0.113225
4.391680,0.214378
-14.028466,0.054517
-31.893494,-0.117960
-19.658381,-0.364722
4.391680,0.397644
0.590268,-0.321057
4.391680,-0.398627
4.391680,-0.161755
4.391680,-0.312609
2.164732,0.165071
4.391680,-0.311124
4.391680,-0.304868
-4.816462,-0.092031
-51.039824,-0.052926
-13.001407,-0.701815
4.391680,-0.245195
4.391680,0.474062
-15.198982,-0.008383
-10.095068,-0.327108
4.391680,0.655140
-1.849320,0.352216
4.391680,-0.881815
0.967272,-0.395054
-7.363972,-0.013827
4.391680,-0.376740
4.391680,0.046263
4.391680,0.162585
4.391680,-0.362020
-24.287732,-0.195321
1.467508,0.207090
4.391680,-0.467826
4.391680,0.857665
4.391680,-0.386931
4.391680,-0.579852
4.391680,-0.073525
4.391680,-0.034423
4.391680,-0.177304
-9.377773,-0.209846
4.391680,0.292941
4.391680,0.182133
-3.081749,0.495796
4.391680,0.479213
-3.820407,0.651952
4.391680,0.592727
4.391680,-1.285261
-1.084858,0.264937
-2.105514,0.596098
4.391680,0.368496
4.391680,0.047235
-6.102017,-0.293499
-3.941697,0.046601
4.391680,-0.078707
-4.600607,0.722926
-17.713888,0.314225
3.331242,0.135509
-0.728940,0.190890
4.391680,-0.061508
4.391680,-0.336613
-14.643865,0.163091
4.391680,-0.329879
4.391680,-0.986945
4.391680,0.487936
-31.246007,-0.471697
-20.206834,-0.170805
-8.009856,0.438399
-11.425482,-0.146356
4.391680,0.080332
-2.007449,0.764815
3.128638,0.108776
4.391680,-0.543065
-15.627346,-0.694747
2.906944,-0.611244
4.391680,0.283768
4.391680,-0.113231
2.077156,-0.482787
4.391680,0.518397
4.391680,-0.379143
4.391680,0.699700
-3.398784,0.059378
4.391680,0.328725
4.391680,-0.225975
4.391680,-0.858099
-7.346706,1.597191
4.391680,-0.997302
-0.578429,0.269471
4.391680,-0.772102
-7.890351,0.221479
4.391680,0.523352
4.391680,-0.291727
4.391680,-0.232014
4.391680,-0.072105
2.753495,-0.000069
4.391680,0.516621
4.391680,-0.161741
4.391680,0.088547
3.076537,-0.669532
4.391680,1.638540
4.391680,0.073699
4.391680,-0.604611
4.391680,-0.027844
-18.483671,-0.680623
4.391680,-0.062303
-4.796005,0.263244
-5.592786,0.683547
4.391680,-1.193839
4.391680,0.039202
0.028080,-0.158139
4.391680,0.119443
4.391680,0.051203
2.644073,0.256922
4.391680,-0.055594
-5.335712,-0.271934
4.391680,-0.440464
4.391680,0.341222
4.391680,-0.048349
4.391680,-0.260984
4.391680,-0.384911
4.391680,0.013390
4.391680,-0.470769
-11.516817,-0.099642
4.391680,0.681313
4.391680,0.022271
4.391680,0.723362
4.391680,0.138476
4.391680,0.010800
-11.642164,-0.177452
-4.461909,1.121631
4.391680,-0.116610
4.391680,-0.522227
4.391680,0.066346
3.124561,1.351101
0.235382,-0.078081
4.391680,0.506628
4.391680,-0.094451
-14.150475,-0.384330
4.391680,0.290363
-7.271337,-0.375814
-13.773979,-0.406598
-37.074819,0.159525
4.391680,0.539600
4.391680,-0.899706
4.391680,-0.407937
4.391680,-0.090600
4.391680,-0.473587
-8.990882,-0.024931
4.391680,-0.038382
4.012582,-0.110198
-13.680298,-0.708030
4.391680,-0.023346
4.391680,0.236484
1.841200,1.457024
4.391680,0.750088
4.127718,0.910519
4.391680,-0.147390
4.391680,-0.159365
-3.998846,-0.463273
-20.902493,0.686507
-8.828728,0.614966
4.391680,0.118235
-32.650260,-0.105556
4.391680,-0.052801
3.962212,0.164778
4.391680,0.019672
4.391680,-0.577734
4.391680,-0.065397
4.391680,0.160302
4.391680,0.498497
4.391680,0.058438
4.391680,-0.030565
4.391680,0.076658
2.365999,-0.598562
4.391680,-0.209905
4.391680,-0.196303
4.391680,0.085070
-1.808271,-0.283468
4.391680,-0.256261
4.391680,-0.077536
4.391680,0.154124
-3.140598,-0.286914
4.391680,-0.026841
4.391680,0.178216
4.391680,-0.357521
-7.005654,0.673574
-20.632991,-0.283933
4.391680,0.302943
-0.288721,0.150225
-9.755978,-0.802840
-13.781352,-0.516835
4.391680,-0.584808
4.391680,0.104904
4.391680,-0.601864
4.391680,-0.270396
4.391680,0.131774
-10.510174,-0.632596
4.391680,-0.776450
-2.406931,1.406398
4.391680,0.228723
3.437498,0.767800
4.391680,-0.098084
4.391680,-0.380699
-2.505283,-0.152615
-7.047981,-0.008038
-13.454512,0.445991
4.391680,0.575307
4.391680,0.152293
4.391680,-0.853759
-7.816398,0.417383
-20.214009,-0.359461
4.391680,-0.073760
-1.775487,0.903950
4.391680,0.238358
4.391680,0.183831
4.391680,0.067568
4.391680,-0.337862
1.285333,0.450941
4.391680,0.519427
4.391680,-1.923685
1.537361,-1.304641
1.519947,-0.782797
3.874332,-1.485692
-16.025647,0.111345
4.391680,-0.075969
-11.225265,-0.474585
4.391680,0.510045
4.391680,-0.329937
4.391680,0.376876
4.391680,0.103843
4.391680,0.458862
-8.183346,0.492043
-11.411853,-0.378204
4.391680,-0.068138
2.466234,1.930914
4.391680,0.182252
4.391680,-0.065355
4.391680,-0.313904
4.391680,-0.168251
4.391680,1.028586
-5.604373,0.352363
4.391680,-0.060778
1.775525,0.225466
4.391680,0.128218
4.391680,-0.514990
-9.012184,-0.002743
4.391680,-0.310576
4.391680,-0.267604
-3.849933,-0.051193
4.391680,0.134355
4.391680,0.505817
4.391680,-0.455679
4.391680,-0.501603
-9.985879,0.234629
4.391680,0.003693
4.391680,0.085379
-4.533605,-0.174680
4.391680,-0.475430
1.284803,0.994112
4.391680,-0.101000
4.391680,0.224459
-13.266461,-0.229711
3.939464,0.590004
4.391680,0.177262
4.391680,-1.380884
4.391680,0.029302
4.391680,-1.104860
-13.025932,-0.444443
4.391680,0.131293
4.391680,-0.013575
4.391680,0.915703
4.391680,-0.215357
-9.498258,0.088108
4.391680,-0.524461
4.391680,-0.738764
-13.877823,0.974978
4.391680,-0.284804
4.295036,0.808311
-2.969232,-0.141276
4.071340,1.869801
-3.982203,1.057846
4.391680,0.161466
0.201773,0.409225
4.391680,0.376102
4.391680,-0.228841
-5.280337,-0.128022
4.391680,0.385930
-0.237298,0.281135
4.391680,-0.201486
4.391680,-0.036126
4.391680,0.047052
4.391680,0.177667
-0.441410,0.657730
4.391680,0.110200
4.391680,0.020075
4.391680,0.241942
4.391680,-0.022294
-8.744966,-0.364576
4.391680,-0.096673
4.391680,0.141454
4.391680,-0.340320
4.391680,-0.078243
4.391680,0.135991
0.144861,1.251325
1.580497,-0.511143
-31.237691,0.291352
4.391680,0.035541
-16.622502,0.057149
4.391680,-0.438829
4.391680,-0.262571
-0.676474,-0.602931
-1.974897,0.029205
4.391680,0.437457
4.391680,0.312236
4.391680,-0.015635
4.391680,0.187157
4.391680,-0.302014
1.262916,0.204876
4.391680,0.150110
3.108940,0.187183
4.391680,0.389551
4.391680,0.281329
-18.234353,0.404816
4.391680,0.054920
4.391680,-1.121889
4.391680,0.406046
-6.347048,-0.920942
4.391680,-0.471264
4.391680,-0.622223
4.391680,-0.157644
4.391680,0.404699
4.391680,-1.293109
4.391680,0.238024
4.391680,-0.353866
4.391680,0.452744
-6.809934,0.365346
-19.209634,-0.204821
-0.000953,-0.159405
4.391680,-0.774103
3.548223,-1.258619
4.391680,0.279601
4.391680,-0.097690
4.391680,0.558507
-5.789659,0.548420
-5.283642,-0.924808
4.391680,-0.207539
4.391680,0.074087
-5.207331,-0.525613
4.391680,-0.572241
4.391680,-0.910544
4.226828,-0.073125
4.391680,0.125403
4.391680,0.395770
4.391680,-0.198613
4.391680,-0.509972
4.391680,0.072808
-1.601670,-0.589823
4.391680,-0.735047
3.899962,0.694085
4.391680,0.115612
4.391680,-0.209613
4.391680,-0.081444
4.391680,-0.299899
4.391680,-0.228315
4.391680,0.120701
4.391680,0.532196
3.493329,0.803661
-10.323428,0.140524
4.391680,0.226892
4.391680,-0.333308
4.391680,0.502672
4.391680,0.482055
-28.638722,-0.137953
4.391680,-0.456370
4.391680,0.212734
4.391680,0.582341
4.391680,0.024528
4.391680,0.293711
4.391680,-0.619955
4.391680,0.222081
4.391680,0.080867
-28.200450,-0.429001
4.391680,0.172265
4.391680,0.135113
4.391680,0.600691
4.391680,-0.513122
4.391680,-0.016822
-10.944732,-0.670162
