Date,spot,rate,market_price,best_bid,best_offer,days_to_expiry,maturity_used,implied_vol,model_price,delta,pnl_no_hedge,pnl_hedge
2011-07-05,532.440000,0.001900,44.200000,43.800000,44.600000,53,0.210317,0.259686,44.200000,0.722654,0.000000,0.000000
2011-07-06,535.360000,0.001900,46.900000,45.900000,47.900000,52,0.198633,0.266752,46.288702,0.738061,-2.088702,0.013441
2011-07-07,546.600000,0.002000,55.300000,54.900000,55.700000,51,0.186949,0.264638,54.199473,0.799335,-9.999473,0.390273
2011-07-08,531.990000,0.001700,43.950000,43.700000,44.200000,50,0.175265,0.260768,42.085416,0.734142,2.114585,0.816589
2011-07-11,527.280000,0.001700,41.000000,40.200000,41.800000,49,0.163580,0.265230,38.341322,0.709337,5.858678,1.095561
2011-07-12,534.010000,0.001800,46.400000,46.000000,46.800000,48,0.151896,0.272777,43.083743,0.750074,1.116257,1.119944
2011-07-13,538.260000,0.001600,49.300000,49.200000,49.400000,47,0.140212,0.270227,45.481483,0.782747,-1.281483,1.902084
2011-07-14,528.940000,0.001500,41.150000,40.200000,42.100000,46,0.128527,0.253402,36.639926,0.747585,7.560074,3.441039
2011-07-15,597.620000,0.001500,99.650000,99.300000,100.000000,45,0.116843,0.258694,98.097432,0.980447,-53.897432,-6.678937
2011-07-18,594.940000,0.001500,97.650000,96.900000,98.400000,44,0.105159,0.273080,95.468670,0.977746,-51.268670,-6.686950
2011-07-19,602.550000,0.001700,103.800000,102.100000,105.500000,43,0.093474,0.238434,102.695595,0.995310,-58.495594,-6.482375
2011-07-20,595.350000,0.001900,97.800000,96.900000,98.700000,42,0.081790,0.265737,95.579998,0.990273,-51.379998,-6.543598
2011-07-21,606.990000,0.002000,108.150000,107.400000,108.900000,41,0.070106,0.240351,107.071346,0.998968,-62.871346,-6.519939
2011-07-22,618.230000,0.002000,118.700000,117.800000,119.600000,40,0.058422,0.210499,118.288510,0.999987,-74.088510,-6.521215
2011-07-25,618.980000,0.002000,119.950000,119.200000,120.700000,39,0.046737,0.249444,119.026991,0.999967,-74.826990,-6.522236
2011-07-26,622.520000,0.002100,123.250000,122.600000,123.900000,38,0.035053,0.238688,122.556806,1.000000,-78.356806,-6.524702
2011-07-27,607.220000,0.002100,108.650000,107.500000,109.800000,37,0.023369,0.252123,107.244537,1.000000,-63.044537,-6.525586
2011-07-28,610.940000,0.002100,112.100000,110.900000,113.300000,36,0.011684,0.246242,110.952268,1.000000,-66.752268,-6.526477
