Date,Spot,MarketPrice,DailyImpliedVol,PnL_No_Hedge,PnL_Hedge
2011-07-05,532.44,44.2,0.259686,0,0
2011-07-06,535.36,46.9,0.266752,-2.0887,0.0138848
2011-07-07,546.6,55.3,0.264638,-9.99232,0.398328
2011-07-08,531.99,43.95,0.260768,2.09626,0.80036
2011-07-11,527.28,41,0.26523,5.85868,1.09732
2011-07-12,534.01,46.4,0.272777,1.12168,1.12752
2011-07-13,538.26,49.3,0.270227,-1.29202,1.89394
2011-07-14,528.94,41.15,0.253402,7.55546,3.43847
2011-07-15,597.62,99.65,0.258694,-53.8974,-6.67342
2011-07-18,594.94,97.65,0.27308,-51.2687,-6.68092
2011-07-19,602.55,103.8,0.238434,-58.4863,-6.46655
2011-07-20,595.35,97.8,0.265737,-51.3719,-6.52837
2011-07-21,606.99,108.15,0.240351,-62.8678,-6.5087
2011-07-22,618.23,118.7,0.210499,-74.0885,-6.51279
2011-07-25,618.98,119.95,0.249444,-74.827,-6.51311
2011-07-26,622.52,123.25,0.238688,-78.3551,-6.51313
2011-07-27,607.22,108.65,0.252123,-63.0445,-6.51503
2011-07-28,610.94,112.1,0.246242,-66.7523,-6.51519
